Block Type,Block Shape,Dimensions,Block Color,Available Quantity,Sold Out
Slope,Triangle,1x3,White,36,26
Slope,Triangle,2x3,Yellow,11,8
Plate,Rectangular,4x4,Yellow,36,27
Tile,Square,2x2,White,39,27
Brick,Rectangular,1x4,Black,22,12
Plate,Rectangular,1x2,Yellow,8,3
Brick,Rectangular,2x2,Green,37,2
Brick,Rectangular,2x2,Red,21,3
Brick,Rectangular,1x4,White,26,12
Brick,Rectangular,2x4,Yellow,6,2
Brick,Rectangular,2x4,Red,22,21
Tile,Rectangular,2x4,Blue,37,27
Slope,Triangle,2x3,Red,10,7
Brick,Rectangular,1x4,Black,22,20
Slope,Triangle,2x2,White,46,34
Plate,Rectangular,4x4,Blue,23,18
Plate,Rectangular,1x2,White,25,8
Plate,Rectangular,2x6,Green,43,2
Brick,Rectangular,1x4,Red,40,1
Slope,Triangle,1x3,Green,19,3
Slope,Triangle,1x3,Red,42,38
Plate,Rectangular,2x6,White,47,12
Brick,Rectangular,2x4,Yellow,41,4
Tile,Rectangular,2x2,Blue,10,7
Slope,Triangle,1x3,Green,44,18
Brick,Rectangular,2x4,Black,50,1
Plate,Rectangular,2x6,White,41,18
Plate,Rectangular,2x6,Yellow,17,9
Slope,Triangle,2x3,White,42,18
Brick,Rectangular,2x2,Red,37,29
Plate,Rectangular,2x6,Blue,36,12
Slope,Triangle,2x3,Blue,47,36
Tile,Square,1x1,Blue,6,3
Slope,Triangle,1x3,Yellow,49,45
Plate,Rectangular,4x4,Red,4,3
Tile,Square,1x1,Red,45,44
Plate,Rectangular,2x6,Blue,37,31
Brick,Rectangular,2x4,Black,29,13
Slope,Triangle,1x3,White,30,21
Plate,Rectangular,2x6,Yellow,3,1
Brick,Rectangular,2x4,White,30,13
Brick,Rectangular,2x4,Red,49,36
Slope,Triangle,2x3,Red,21,3
Slope,Triangle,2x3,Green,31,19
Brick,Rectangular,2x4,Black,9,4
Brick,Rectangular,1x4,Green,20,12
Slope,Triangle,1x3,Yellow,4,2
Plate,Rectangular,2x6,Black,21,11
Brick,Rectangular,2x2,Black,43,2
Brick,Rectangular,2x4,Green,24,9
Slope,Triangle,2x3,White,21,7
Tile,Square,2x4,Green,42,16
Tile,Rectangular,1x1,Red,50,37
Brick,Rectangular,2x4,Black,10,4
Slope,Triangle,1x3,Black,35,12
Slope,Triangle,1x3,Blue,45,42
Brick,Rectangular,2x4,Green,28,27
Slope,Triangle,2x3,Green,15,4
Brick,Rectangular,2x4,Yellow,24,11
Plate,Rectangular,2x6,Red,24,4
Plate,Rectangular,4x4,Yellow,31,18
Plate,Rectangular,2x6,Blue,27,6
Slope,Triangle,2x2,Green,46,36
Brick,Rectangular,2x4,Green,17,5
Slope,Triangle,2x3,Blue,40,12
Slope,Triangle,1x3,Red,43,39
Plate,Rectangular,4x4,Black,7,6
Tile,Rectangular,2x4,Red,34,3
Plate,Rectangular,1x2,Yellow,4,3
Plate,Rectangular,4x4,Yellow,33,18
Brick,Rectangular,1x4,Green,19,16
Slope,Triangle,1x3,White,47,15
Brick,Rectangular,2x2,Red,11,7
Slope,Triangle,2x3,White,17,4
Plate,Rectangular,4x4,Red,39,18
Plate,Rectangular,2x6,Green,19,9
Tile,Rectangular,1x1,Green,13,7
Brick,Rectangular,2x2,Blue,37,7
Slope,Triangle,2x2,Blue,41,1
Tile,Rectangular,2x2,Red,43,4
Tile,Square,1x1,Black,36,9
Slope,Triangle,1x3,Yellow,21,15
Plate,Rectangular,4x4,Yellow,19,11
Brick,Rectangular,1x4,Blue,35,8
Slope,Triangle,2x2,Black,25,10
Brick,Rectangular,2x2,Yellow,48,41
Tile,Rectangular,2x2,Blue,40,24
Tile,Square,2x2,White,15,9
Tile,Rectangular,2x2,Green,34,19
Tile,Rectangular,2x4,Blue,30,27
Tile,Square,2x2,Blue,18,8
Brick,Rectangular,2x4,White,10,1
Tile,Rectangular,1x1,Yellow,14,3
Slope,Triangle,2x3,Green,47,36
Tile,Rectangular,1x1,Blue,31,18
Plate,Rectangular,4x4,Black,10,5
Tile,Square,1x1,Green,31,3
Tile,Rectangular,1x1,White,45,32
Tile,Square,2x4,Yellow,5,1
Plate,Rectangular,1x2,Black,3,1
